11001,1,1,"During the period of falling in love, each time that we met and � especially when we had not met for a long time.",,,,,,,,,,
11001,1,2,When I was involved in a traffic accident.,,,,,,,,,,
11001,1,3,"When I was driving home after  several days of hard work, there � was a motorist ahead of me who was driving at 50 km/hour and � refused, despite his low speeed to let me overtake.",,,,,,,,,,
11001,1,4,When I lost the person who meant the most to me. ,,,,,,,,,,
11001,1,5,"The time I knocked a deer down - the sight of the animal's � injuries and helplessness.  The realization that the animal was � so badly hurt that it had to be put down, and when the animal � screamed at the moment of death.",,,,,,,,,,
11001,1,6,When I did not speak the truth.,,,,,,,,,,
11001,1,7,When I caused problems for somebody because he could not keep the � appointed time and this led to various consequences.,,,,,,,,,,
11002,1,1,When I got a letter offering me the Summer job that I had applied � for.  ,,,,,,,,,,
11002,1,2,When I was going home alone one night in Paris and a man came up � behind me and asked me if I was not afraid to be out alone so � late at night.,,,,,,,,,,
11002,1,3,When I was talking to HIM at a party for the first time in a long while and a friend came and interrupted us and HE left.,,,,,,,,,,
11002,1,4,When my friends did not ask me to go to a New Year's party � with them.,,,,,,,,,,
11002,1,5,When I saw all the very drunk kids (13-14 years old) in town on � Walpurgis night.,,,,,,,,,,
11002,1,6,When I could not remember what to say about a presentation task � at an accounts meeting.,,,,,,,,,,
11002,1,7,When my uncle and my neighbour came home under police escort.,,,,,,,,,,
11003,1,1,[ On days when I feel close to my partner and other friends.  � When I feel at peace with myself and also experience a close � contact with people whom I regard greatly.],,,,,,,,,,
11003,1,2,"Every time I imagine that someone I love or I could contact a � serious illness, even death.",,,,,,,,,,
11003,1,3,When I had been obviously unjustly treated and had no possibility � of elucidating this.,,,,,,,,,,
11003,1,4,When I think about the short time that we live and relate it to � the periods of my life when I think that I did not use this � short time.,,,,,,,,,,
11003,1,5,At a gathering I found myself involuntarily sitting next to two � people who expressed opinions that I considered very low and � discriminating.,,,,,,,,,,
11003,1,6,When I realized that I was directing the feelings of discontent � with myself at my partner and this way was trying to put the blame � on him instead of sorting out my own feeliings.,,,,,,,,,,
11003,1,7,I feel guilty when when I realize that I consider material things � more important than caring for my relatives.  I feel very � self-centered.,,,,,,,,,,
11004,1,1,After my girlfriend had taken her exam we went to her parent's � place.,,,,,,,,,,
11004,1,2,"When, for the first time I realized the meaning of death.",,,,,,,,,,
11004,1,3,When a car is overtaking another and I am forced to drive off the � road.,,,,,,,,,,
11004,1,4,"When I recently thought about the hard work it takes to study, and  � how one wants to try something else.  When I read a theoretical � book in English that I did not understand.",,,,,,,,,,
11004,1,5,When I found a bristle in the liver paste tube.,,,,,,,,,,
11004,1,6,"When I was tired and unmotivated, I shouted at my girlfriend and � and brought up negative sides of her character which are actually � not so important.",,,,,,,,,,
11004,1,7,When I think that I do not study enough.  After the weekend I � think that I should have been able to have accomplished � something during that time.,,,,,,,,,,
11005,1,1,When I pass an examination which I did not think I did well.,,,,,,,,,,
11005,1,2,"When one has arranged to meet someone and that person arrives � late, in the meantime one starts thinking about all that could � have gone wrong e.g a traffic accident.",,,,,,,,,,
11005,1,3,When one is unjustly accused of something one has not done.,,,,,,,,,,
11005,1,4,When one's studies seem hopelessly difficult and uninteresting.  ,,,,,,,,,,
11005,1,5,"When one finds out that someone you know is not at all like one � had thought, for instance friends who steal and things like that, � quite unwarranted.",,,,,,,,,,
11005,1,6,"When one has been unjust, stupid towards someone else. ",,,,,,,,,,
11005,1,7,When one has neglected or been unjust to a good friend.,,,,,,,,,,
11006,1,1,Passing an exam I did not expect to pass.,,,,,,,,,,
11006,1,2,When I climbed up a tree to pick apples.  The angle of the ladder � I was on did not enable me to get high enough.  This implied � that the ladder was not very stable.,,,,,,,,,,
11006,1,3,Friends who torture animals.,,,,,,,,,,
11006,1,4,[ Same as in anger.],,,,,,,,,,
11006,1,5,Friends who torture animals.,,,,,,,,,,
11006,1,6,[ Same as above - friends who torture animals.],,,,,,,,,,
11006,1,7,[ When excuses are necessary and I get out of doing it myself.],,,,,,,,,,
11007,1,1,When I had my children.,,,,,,,,,,
11007,1,2,When my 2 year old son climbed up and sat on the 7th floor � balcony with his legs hanging out.  He was holding on tightly to � the upper railing of the balcony but he could have easily lost � his balance when he sat down.,,,,,,,,,,
11007,1,3,When my partner was attacked and lost three teeth.,,,,,,,,,,
11007,1,4,When I see children on T.V from areas devastated by drought and � war.,,,,,,,,,,
11007,1,5,When I nearly walked on a blindworm and then saw it crawl away.,,,,,,,,,,
11007,1,6,When I saw my 18 year old son grab an oxygen mask as he had � breathing difficulties.  I had a bad conscience because I had not � stopped smoking.  Medication for the dilation of his breathing � tubes also caused a sense of guilt in me.,,,,,,,,,,
11007,1,7,"I experience a sense of guilt as my middle son cannot express � himself like other children, neither verbally nor in writing.",,,,,,,,,,
11008,1,1,When my child was born.,,,,,,,,,,
11008,1,2,"It was winter/spring and the ice was melting.  I was far out on a � jetty and I poked the ice with a long branch to try and break it. �  The branch went through the ice and I fell in, the water closed � in over my head.",,,,,,,,,,
11008,1,3,"Unjust accusations directed at me and my way of acting, by � someone close to me.  ",,,,,,,,,,
11008,1,4,Failing an examination.,,,,,,,,,,
11008,1,5,"A drunkard fell, started bleeding and wet himself.  Disgust that � turned into sadness-unpleasantness.",,,,,,,,,,
11008,1,6,"When, as an adult I have been caught lying or behaving badly.",,,,,,,,,,
11008,1,7,"When I am in an environment or with a person much worse off than � me, I realize how privileged I am.",,,,,,,,,,
11009,1,1,When I saw a person I had not seen for a long time.,,,,,,,,,,
11009,1,2,"When, as a child, I was nearly knocked down by a car.",,,,,,,,,,
11009,1,3,"When I heard on the radio that the football match in Belgium had � ended in a catastrophe, and several people had died.  I could not �  understand how normal people could behave in such a way.",,,,,,,,,,
11009,1,4,"When I feel lonely, perhaps because I have to study a lot and I � am shut up in my appartment.  Nothing happens in particular � because there is no time for anything else.",,,,,,,,,,
11009,1,5,When one learns through the mass media all the wars and killing � going on in the world.,,,,,,,,,,
11009,1,6,"I lied, to be precise I cancelled a meeting with a good friend.",,,,,,,,,,
11009,1,7,When one lets friends down,,,,,,,,,,
11010,1,1,When I was accepted for a course on finance and accounting.,,,,,,,,,,
11010,1,2,"A bus drove over my right leg.  The event itself was not very � frightening but when I had to wait in the emergency ward for � three hours and then my leg began to swell, I was frightened.",,,,,,,,,,
11010,1,3,"At my Summer job, nobody looked after me in particular and I had � to learn all on my own.",,,,,,,,,,
11010,1,4,When I was not accepted as a student in finance and accounting.,,,,,,,,,,
11010,1,5,When I had just moved into my new appartment I found a ventilator � in the kitchen.  I was going to clean it when I found that the � drum was full of mud and slime.  I felt disgusted.,,,,,,,,,,
11010,1,6,My elder brother and I have not always had a good relationship � and I feel ashamed of myself as I do not call him to talk to him � nowadays.,,,,,,,,,,
11010,1,7,At my Summer job a new caretaker had been employed who was my age �  but I preferred going out for lunch with the accounts personnel � rather than with him.,,,,,,,,,,
11011,1,1,Passed an exam by 2 points.,,,,,,,,,,
11011,1,2,"In a cottage in a large forest, I was alone for a while in the � dark.",,,,,,,,,,
11011,1,3,When I spoke to Jan-Erik Wikstr�m on the telephone. ,,,,,,,,,,
11011,1,4,Railway station good-bye.,,,,,,,,,,
11011,1,5,I saw a cripple in rags with small children in Italy.  He was � probably an imposter.,,,,,,,,,,
11011,1,6,I told a friend that I was going to a party and he would not � enjoy himself if he came along.  He understood  that he would not � have fitted in and there was something in that.,,,,,,,,,,
11011,1,7,I was the reason behind the break-up of my friend's relationship � with his girlfriend.  She finished with him.,,,,,,,,,,
11012,1,1,I passed an exam that I was absolutely certain that I had failed.,,,,,,,,,,
11012,1,2,"On the way back from Denmark with a friend on a small yatch, � there was a storm and my friend was blown overboard;  I was very � scared till I managed to get him back onboard.",,,,,,,,,,
11012,1,3,I locked myself out.,,,,,,,,,,
11012,1,4,I missed the last tram home and had to walk in the pouring rain.,,,,,,,,,,
11012,1,5,I found some worms in the food and I had obviously eaten some.,,,,,,,,,,
11012,1,6,"My friend was so intoxicated that the police came and took him � away, and they later contacted his parents.",,,,,,,,,,
11012,1,7,I hapened to overhear something which I was not meant to hear.,,,,,,,,,,
11013,1,1,When I won a trip to Greece in a competition.,,,,,,,,,,
11013,1,2,When I am out in the dark and a suspicious looking character � comes towards me.,,,,,,,,,,
11013,1,3,"At work, when an elderly man complained unjustifiably about me and � distrusted me.",,,,,,,,,,
11013,1,4,When I had not understood anything after a lecture.,,,,,,,,,,
11013,1,5,When an alcoholic stood dribbling over a food counter.,,,,,,,,,,
11013,1,6,When my friend and I were discussing the good looks of a guy we � realized that he had been listening.,,,,,,,,,,
11013,1,7,When I complained about a colleague to the manager and he told � her that someone had complained; this colleague came to me � believing that I liked her.,,,,,,,,,,
11014,1,1,At a friend's birthday party with some of my closest friends.  It � was all very pleasant and one could say that I was happy to have � such good friends.,,,,,,,,,,
11014,1,2,On the way home one Friday night in the heavy rain the car � acquaplanned.  I lost contact with the road surface for a few � seconds.,,,,,,,,,,
11014,1,3,Mad at my dad.,,,,,,,,,,
11014,1,4,A case of unrequited love.,,,,,,,,,,
11014,1,5,A bad smelling cucumber.,,,,,,,,,,
11014,1,6,Nearly caught masturbating.,,,,,,,,,,
11014,1,7,I do not help out enough at home.,,,,,,,,,,
11015,1,1,I felt very happy when I won the football pools.,,,,,,,,,,
11015,1,2,When I flew from Athens to Copenhagen after a holiday.  The plane � was caught in a storm and it began to shake and I thouhght that � we were going to crash.,,,,,,,,,,
11015,1,3,When someone stole my bike.,,,,,,,,,,
11015,1,4,"When I saw the list of books to read for an acccouting course, I � thought \ Oh God how will I ever manaage it!\""""",,,,,,,,,,
11015,1,5,It was when I read a newspaper article on the future and they � foresaw that we would be eating frog-burgers by the year 2000.  � An illustration showed a frog between two pieces of bread.,,,,,,,,,,
11015,1,6,When I dropped a bottle in the state liquor store and everyboby � started laughing.,,,,,,,,,,
11015,1,7,"When I was young - 14, I pinched from a store and was caught.  � The store then contacted my parents.",,,,,,,,,,
11016,1,1,When the whole family gets together for a one week holiday.  � Everybody feels free and the trip is well planned.  It works out � well and we enjoy ourselves.,,,,,,,,,,
11016,1,2,"When I could not find my 2 year old daughter.  I ran and looked � for her everywhere and could not find her.  (I finally found her, � she had gone to bed to sleep)",,,,,,,,,,
11016,1,3,When friends try to put me down or hurt me.  ,,,,,,,,,,
11016,1,4,Marriage crises.  Boredom.,,,,,,,,,,
11016,1,5,When someone makes advances that one does not want.,,,,,,,,,,
11016,1,6,The discovery that one has only thought of oneself.,,,,,,,,,,
11016,1,7,When I spanked a child in anger and later regretted it terribly.,,,,,,,,,,
11017,1,1,When I passed the first examination that I had to repeat.,,,,,,,,,,
11017,1,2,When I drove to Stockholm for the first time and drove off the � Stora Hissingen road at the wrong exit.,,,,,,,,,,
11017,1,3,When my boyfriend went away for a month long holiday without me.,,,,,,,,,,
11017,1,4,Last year when I worked during the Summer holidays and studied � at the same time for an examination I had to repeat; my boyfriend � went to Greece for a holiday for a month.,,,,,,,,,,
11017,1,5,When a dog is left whining outside a shop.,,,,,,,,,,
11017,1,6,When I promised to help a friend over a weekend and did not keep � the promise.,,,,,,,,,,
11017,1,7,When I realized that I had three more examinations to take.,,,,,,,,,,
11019,1,1,The day I was told that I had been accepted as a student of � economics.,,,,,,,,,,
11019,1,2,"While taking a short cut through the Vasa park, I was surrounded � by three people who tried to steal my money.  I was scared and � was saved only by the appearance of other people.",,,,,,,,,,
11019,1,3,"At a restaurant I observed how the gypsies tried to get money by � cheating the foreigners i.e non Swedish speaking.  My anger had � nothing to do with hatred against foreigners, but it was an � expression of the anger I feel when I see people being used .",,,,,,,,,,
11019,1,4,At the begining of a new course one is afraid of encountering � problems one can not manage.  Thoughts revolve around failing � the subject and the consequences it would have for the future.,,,,,,,,,,
11019,1,5,While walking in town I noticed how the police harrassed a man � who was under the influence of alcohol.  They terrified him with � the thought of arrest by driving close behind him on a pedestrian � street.  My disgust was directed at the gestures and the facial � expressions of the policemen; they seemed to be enjoying � themselves.,,,,,,,,,,
11019,1,6,"When my boyfriend revealed that he knew that I had discovered � things of an important nature about him, I felt ashamed as I had � not mentioned it earlier.",,,,,,,,,,
11019,1,7,"When I am dishonest to a friend to whom I am very close.  I � feel guilty because I know that he gives a different version of � the truth and I have not corrected these mistakes, and he is � aware that I know that they are wrong.",,,,,,,,,,
11020,1,1,When I found out that I had passed the last two exams by a � margin of three marks.,,,,,,,,,,
11020,1,2,When my father was ill and was waiting for the results of his tests.,,,,,,,,,,
11020,1,3,When I got caught in the pouring rain last Thursday and did not � have a raincoat on me.,,,,,,,,,,
11020,1,4,When I failed an exam.,,,,,,,,,,
11020,1,5,"At a Sm�rgasbord table, a man mixed differnet kinds of picked � herrings with fruit salad.",,,,,,,,,,
11020,1,6,"When I had not prepared my contribution to the group as � thoroughly as the other members, with the result that the � overall result was poor.",,,,,,,,,,
11020,1,7,"When my father and I worked on the house just after he had � recovered from illness, I was rather lazy.  This meant that he � had to work hard and was not very well later.",,,,,,,,,,
11021,1,1,When I gave birth to my son and saw that he was alive and that I � had managed it well.  He was born a month too early with a � malfunctioning lung.  This happened a year ago.,,,,,,,,,,
11021,1,2,When I found out that my father had lung cancer and they did not � know how long he would live.,,,,,,,,,,
11021,1,3,"When a colleague asked me for help at work, despite the fact � that he had more time to do it than I had.",,,,,,,,,,
11021,1,4,When I did not get the salary increase that I had been expecting � and understood how little one's work was appreciated.,,,,,,,,,,
11021,1,5,When I was weeding the garden I found a lizard in my hand.,,,,,,,,,,
11021,1,6,"When I met a friend whom I had not seen for a long time and � heard all about her troubles, I thought that I should have got � in touch with her earlier.",,,,,,,,,,
11021,1,7,I got angry at my mother for something trivial.  We were in a � bad mood because my father was very ill and I knew that my mother � really needed support.  I had reacted wrongly.,,,,,,,,,,
11022,1,1,"New year's eve 1983/1984, I met my girlfriend.  We stood on the � steps outside her parents home and I kissed her for the � first time.",,,,,,,,,,
11022,1,2,"When I was stopped by plain clothes policemen because the car I � was driving had overturned on the Avenue.  I had been driving too � fast, and I was afraid when I was stopped, questionned and then � toild to go.  The situation ended happily since there were no � consequences.",,,,,,,,,,
11022,1,3,The editor changed the heading of an article that I had written.  � He considered the heading to be derogatory towards the person I had written � about.,,,,,,,,,,
11022,1,4,"A close acquaintance of the family died of lung cancer.  � Although it was expected, I still felt depressed.",,,,,,,,,,
11022,1,5,"When I saw a picture, in the Gothenburg Post, of a totally � demolished car with two fatally injured passengers.  The car was � so badly damaged that they couldn't get the bodies out at the � scene of the accident.",,,,,,,,,,
11022,1,6,One night I had a sexual intercourse with another man.  My sexual � desire and my curiosity had made me jump into bed with him.  I am � ashamed of myself now.,,,,,,,,,,
11022,1,7,"Due to laziness, I failed the term studies completely at � University.  I also wanted, to some extent, to protest against my � parents' expectations.",,,,,,,,,,
11023,1,1,When I got the loan for my studies.,,,,,,,,,,
11023,1,2,I met intoxicated people with dubious intentions in a back alley � one Wednesday night.,,,,,,,,,,
11023,1,3,On the T.V I saw a news feature on South Africa.  A policeman      � attacked a group of black people with a whip.,,,,,,,,,,
11023,1,4,The thought of having to read a boring book of 400 pages in � English.,,,,,,,,,,
11023,1,5,Grovelling people.,,,,,,,,,,
11023,1,6,My inability to assert myself positively in a group.,,,,,,,,,,
11023,1,7,I experience feelings of guilt because I do not study enough.,,,,,,,,,,
21009,2,5,"Observing someone in the cafeteria noisily gulping in his food, � having extremely bad manners.",,,,,,,,,,
21009,2,6,I guess I have often been ashamed after having talked badly of � other people.,,,,,,,,,,
21009,2,7,Having been angry and unpleasant towards my parents.,,,,,,,,,,
21010,2,1,When my sister - after a history of one abortion and one � stillbirth - gave birth to a perfectly healty boy.,,,,,,,,,,
21010,2,2,"When my sister had the still born child, she was emotionally very � deep down, and it took her a long time to recover.",,,,,,,,,,
21010,2,3,"We were starting a student project, and the teacher we talked to � was very negative and not very helpful.",,,,,,,,,,
21010,2,4,"When my boyfriend openly let me down, preferring another girl.",,,,,,,,,,
21010,2,5,"I felt some disgust for my boyfriend for a time, after he had � left me.",,,,,,,,,,
21010,2,6,Can't think of any.,,,,,,,,,,
21010,2,7,"Before an accident, my aunt offered me the front seat of the car, � next to the driver. I declined, she took that seat and was killed � there when the car crashed.",,,,,,,,,,
21011,2,1,"Unexpected visit by a close friend, whom I hadn't seen for half a � year.",,,,,,,,,,
21011,2,2,"I wandered by mistake into the safety zone of a shooting range, � and was shot at.",,,,,,,,,,
21011,2,3,Being treated unfairly.,,,,,,,,,,
21011,2,4,Breaking up with a girl.,,,,,,,,,,
21011,2,5,Nothing.,,,,,,,,,,
21011,2,6,None.,,,,,,,,,,
21011,2,7,Little contact with my father before he died.,,,,,,,,,,
21012,2,1,"When I was accepted as a student at the college, not having � thought it possible.",,,,,,,,,,
21012,2,2,"When I was the first to arrive at the scene after an accident, � and found that a close school friend had been killed.",,,,,,,,,,
21012,2,3,"I was accused of having done something, which I hadn't and got � very angry.",,,,,,,,,,
21012,2,4,When my grandmother died.,,,,,,,,,,
21012,2,5,Not applicable.,,,,,,,,,,
41019,4,1,"A couple of years ago during the summer holiday, I was fishing at � a lake with my husband.  Suddenly it started raining while the � sun was still shining. I experienced a feeling of joy, happiness � and fulfillment.  the whole nature was full of music.",,,,,,,,,,
41019,4,2,"I was alone at home, in bed reading a womens' magazine in which � there were storiees of paranormal experiences.  My leg was � itching and I stretched my hand to scratch and I felt another � strange hand. (later I realized that it was the corner of the � blanket)",,,,,,,,,,
41019,4,3,"I went to a lecture and once again it had been cancelled, this � was the second time.  One had a negative attitude towards the � lecturer.� ",,,,,,,,,,
41019,4,4,"I heard that a former superior of mine had died, I was later at � home home reading about it in the newspaper and I thought of our � interaction and how it was no longer possible.  The limited scope � of human life is sad.",,,,,,,,,,
41019,4,5,"In the tram there was a fat, sickly looking woman in front of me � who was asking for directions in a thick voice.  When she got up to � go a disgusting smell of urine came from her.  I felt that I � would choke.",,,,,,,,,,
41019,4,6,"When we were at home, my husband and I, he made a remark about � something I had done, in a perfectly friendly manner.  My deed � had been unjust and I knew that my husband was right, therefore my � sense of shame.",,,,,,,,,,
41019,4,7,"I made a remark to my sister concerning her attitude to men, the � way she talked and I compared her to an acquaintance of mine.  � Later, the same evening, my sister looked sad.  I felt guilty � about her sadness.",,,,,,,,,,
41020,4,1,"I had a summer job in Sweden, and my boyfriend came to meet me on � my birthday.",,,,,,,,,,
41020,4,2,"I went to practice in Sweden during summer, and I was afraid that � I would not do well.",,,,,,,,,,
41020,4,3,"In the holiday cottage of our association, two of my pals came to � wake me up early one morning by bringing a radio played at the � highest volume into my room - it was the morning service at its � loudest.",,,,,,,,,,
41020,4,4,My grandmother died suddenly last summer.,,,,,,,,,,
41020,4,5,"My superior at the summer job swindled customers as much as he � could, and once put me in a difficult situation after which I � could not but detest him.",,,,,,,,,,
41020,4,6,Once I arrived two hours late to my work place (a bank) and I was � still feeling feeble and tired.,,,,,,,,,,
41020,4,7,Our association had Polish visitors and when they were going back � by boat I did not go to see them off (I am the chairman of the � association).,,,,,,,,,,
41021,4,1,"I was told quite unexpectedly that one wanted me to become the � vice-chairman of our student organisation.  I was really � surprised and joy was the first emotion I felt, though behind it � there was worry - how shall I succeed ?",,,,,,,,,,
41021,4,2,"Our tutorial group was soon to be divided, and we got a list of � names of freshmen, out of which five were to be in my group.  We � read the names and then each group went its own way to a seminar � room.  I wondered how I would cope with the new situation and if � I would succeed as a group leader.",,,,,,,,,,
41021,4,3,"We were in a disco and the evening was not at all pleasant.  � Despite my not knowing why, I was angry with my companion.  I let � him feel my bad humour as I cannot hide my feelings.",,,,,,,,,,
41021,4,4,"My grandmother died, and my mother called me one sunday morning � in the Autumn.  The way my mother told me about it, I hated her � at that moment.  She sounded as if she had been waiting for the � death of my grandmother.  I had lost a person close to me.  I � felt guilty too as I had been bad to my grandmother of late.  I had not � remained calm when she no longer understood everything so well.",,,,,,,,,,
41021,4,5,"At the underground station, a drunkard came to speak to me.  He � tried to ask me something but I did not answer so he began to � speak about me with his companion.  I detested this dirty � growling man.",,,,,,,,,,
41021,4,6,"I was worried by a task related to my studies which had to be � done in groups of two.  I was talking about it to my friends when � I said something negative, in too abrupt a manner, concerning my � work partner.  I did not quite mean what I said and I felt � ashamed at having been mean enough to criticize him as he is also � a friend of mine.",,,,,,,,,,
41021,4,7,I had told my boyfriend that I did not want to go on with our � relationship.  I knew that I was important to him but I wanted to � be free.  I saw that this was difficult for him but I remained � firm and did not change my mind.,,,,,,,,,,
41022,4,1,"Last night I had a chat with a fellow student.  I had known her � for about half a year, and for the first time we were speaking � \the same language\""- meaning an inspiring discussion and �",,1,,,,,,,,
41061,4,3,"[ I sometimes quarrel with my mother because she blames me, � though I have not in any way been connected to some events.]",,,,,,,,,,
41061,4,4,"After hearing about the death of my grandfather.  First I could � not believe it, but later I wept and felt the situation was � hopeless.  I felt lonely and wanted to be consolated.",,,,,,,,,,
41061,4,5,"In the evening, while I was watching TV, my little brother came � in and started eating food he had brought from the kitchen while � I was trying to concentrate on the program.",,,,,,,,,,
41061,4,6,My little brother was arrested by the police at the railway station after � he had drunk some beer.,,,,,,,,,,
41061,4,7,"At my temporary job, I have to restrict  others' actions and make � them obey me, and this very often gives me  a feeling of guilt.  I � wish there could be some other way of acting.",,,,,,,,,,
41062,4,1,"I met a dear friend of mine after a long time.  I expressed my feelings � in our own usual way, by mutual scolding and abusing (with � complete understanding) and by touching, patting and taking the � hand of the other person, etc...",,,,,,,,,,
41062,4,2,"I felt fear of the purest kind after a car accident.  The � incident and images of horror kept coming back to my mind.  I � wondered what could have happened to my sister, my friend and me, � though nothing very serious actually happened.",,,,,,,,,,
41062,4,3,"Two boys whom I know were telling me, in an indecent manner, how � they had teased a young and shy girl I know.  They had despised � her conviction, scorned and touched her.  I got very angry and � did not try to conceal it and gave it back to them.",,,,,,,,,,
41062,4,4,"My sweetheart left me, or rather we decided to break it off by � mutual consent.  The consequences were - unrestrained weeping, � feelings of loneliness, hopelessness and disconsolation.  I felt � that I should find a friend, to talk to joyfully and to forget.",,,,,,,,,,
41062,4,5,"Out of sheer curiosity, I went to see a pornographic movie in � Copenhagen.  The room was full of men, who panted and � masturbated.  Very disgusting.",,,,,,,,,,
41062,4,6,"After having quarelled unnecessarily and without any reason, and � having been stupidly cross in every way.",,,,,,,,,,
11062,1,6,[ Do not know.],,,,,,,,,,
11062,1,7,Forced to fill in a questionnaire.,,,,,,,,,,
11063,1,1,When I won a tennis match.,,,,,,,,,,
11063,1,2,When my dog ran out on thin ice last spring.,,,,,,,,,,
11063,1,3,When my tennis match was interrupted because a kid cycled right � into the court.,,,,,,,,,,
11063,1,4,[ No response.],,,,,,,,,,
11063,1,5,[ No response.],,,,,,,,,,
11063,1,6,[ No response.],,,,,,,,,,
11063,1,7,[ No response.],,,,,,,,,,
11065,1,1,Celebrations on the graduation day with the orchestra playing in � the garden ( I am a part of this orchestra).,,,,,,,,,,
11065,1,2,Risk of being involved in a fight after a party.,,,,,,,,,,
11065,1,3,"I had a very heavy work load and two colleagues, whom I have � nothing against, disturbed me by \terror ringing\"", i.e �",,1,,,,,,,,
11065,1,4,After an exam which I failed.,,,,,,,,,,
11065,1,5,[ Normally I do not feel disgusted.],,,,,,,,,,
11065,1,6,"When I overtook a car on the mainroad, misjudging the distance of � an oncoming car and this resulted in tooting and flashing from � the other driver (we could have collided), and I had an � acquaintance in the car with me.",,,,,,,,,,
11065,1,7,"I saw a neighbour, from the same appartment block as me, lying    � on the road.  He could have been injured or ill.  I kept 20 � metres away and did not go to help him.",,,,,,,,,,
11066,1,1,When I met an old schhol friend (school love) who works in � Sk+vde.,,,,,,,,,,
11066,1,2,"When I was cycling to school, I nearly got knocked down by a car � which (overtook me too closely) did not give me any swerving space.",,,,,,,,,,
11066,1,3,"When I was deputy manager during the Summer, certain deputies � took liberties, more than what was normal.",,,,,,,,,,
11066,1,4,"When I realized that my girlfriend, whom I like, and I were going � to separate.",,,,,,,,,,
11066,1,5,Dog dirt which thaws in the spring.,,,,,,,,,,
11066,1,6,When I forgot my mother's birthday.,,,,,,,,,,
11066,1,7,[ Can not think of anything just now.],,,,,,,,,,
11067,1,1,Passed the last exam.,,,,,,,,,,
11067,1,2,Was nearly knocked down by a car.,,,,,,,,,,
11067,1,3,I reached the bus stop and realized that I had forgotten my bus � pass.,,,,,,,,,,
11067,1,4,My current work load is too much.  The feeling comes back from � time to time.,,,,,,,,,,
11067,1,5,[ Can not think of any situation.],,,,,,,,,,
11067,1,6,[ No response.],,,,,,,,,,
11067,1,7,[ No response.],,,,,,,,,,
11070,1,1,When my one year old son gives me a spontaneous kiss.,,,,,,,,,,
11070,1,2,When someone close to me is travelling by car and is delayed.,,,,,,,,,,
11070,1,3,When someone does something wrong which affects me negatively.,,,,,,,,,,
11070,1,4,When I think about my parents getting old.,,,,,,,,,,
11070,1,5,[ Can not remember.],,,,,,,,,,
11070,1,6,[ No response.],,,,,,,,,,
11070,1,7,"I do not have the time for other people's problems.  My � mother-in-law is sometimes depressed and I do not have the time, � the desire or the strength to help.",,,,,,,,,,
11071,1,1,"An ex-colleague asked me if I was interested in working in their � accounts bureau.  They needed \clever people\"" and he had �",,1,,,,,,,,
11071,1,2,I was driving and a deer suddenly appeared in front of the � car when there was a lot of traffic behind me.,,,,,,,,,,
11071,1,3,I saw a report on T.V news on apartheid in South Africa. ,,,,,,,,,,
11071,1,4,[ No response.],,,,,,,,,,
11071,1,5,[ No response.],,,,,,,,,,
11071,1,6,[ No response.],,,,,,,,,,
11071,1,7,[ No response.],,,,,,,,,,
11072,1,1,When my girlfriend became pregnant.,,,,,,,,,,
11072,1,2,When I nearly collided with another car.,,,,,,,,,,
11072,1,3,The time when someone let the air out of the tyres of my cycle.,,,,,,,,,,
11072,1,4,When I read a lot and did not remember anything.,,,,,,,,,,
11072,1,5,[ No response.],,,,,,,,,,
11072,1,6,[ No response.],,,,,,,,,,
11072,1,7,The time that I had to put my dog to sleep.,,,,,,,,,,
11073,1,1,[ No response.],,,,,,,,,,
11073,1,2,[ No response.],,,,,,,,,,
11073,1,3,[ No response.],,,,,,,,,,
11073,1,4,Long illness.,,,,,,,,,,
11024,1,1,When I passed an exam.,,,,,,,,,,
11024,1,2,"When I was travelling by tram, I tripped and fell against the � door.  I thought that I was going to fall out.",,,,,,,,,,
11024,1,3,When I missed the tram after having run for it.,,,,,,,,,,
11024,1,4,The inability to read a book at college.,,,,,,,,,,
11024,1,5,If a guy one is not interested in makes advances.,,,,,,,,,,
11024,1,6,I drink wine too often.,,,,,,,,,,
11024,1,7,I do not study enough as I do not understand it properly.,,,,,,,,,,
11025,1,1,I worked at a lawyer's office during Summer and I got a very � good reference from him.,,,,,,,,,,
11025,1,2,I had been watching a triller a dark night in the country and I � had to go the outside toilet on my own. ,,,,,,,,,,
11025,1,3,"When I am accused of something I have not done, I get unbelievably � angry.",,,,,,,,,,
11025,1,4,"When I began to read a thick book, which I had a limited time to � read.  Also when I have a lot of work to do and I cannot keep up.",,,,,,,,,,
11025,1,5,Someone vomited on the street.,,,,,,,,,,
11025,1,6,"I can not think of any incident when I have felt very ashamed.  � There are small incidents that I am ashamed of, for instance, � not sending money to the children in Ethiopia.",,,,,,,,,,
11025,1,7,I had lunch with my ex-boyfriend and did not mention it to my � fiancee.  I felt guilty despite the fact that I felt nothing for � my ex-boyfriend.,,,,,,,,,,
11026,1,1,When I was finally qualified for my profession.,,,,,,,,,,
11026,1,2,Someone attacked me with a knife.,,,,,,,,,,
11026,1,3,Someone drove into my car and then denied that it had happened.,,,,,,,,,,
11026,1,4,When I was told that my friend's wife had cancer.,,,,,,,,,,
11026,1,5,When I saw a dog which had been knocked down by a car.,,,,,,,,,,
11026,1,6,When I boxed my child's ears.,,,,,,,,,,
11026,1,7,When I was fined for speeding.,,,,,,,,,,
11027,1,1,I stopped working (had a boring job).,,,,,,,,,,
11027,1,2,"I was going home by car late one night when it was cold, dark and � windy.  I became rather panicky on the way to my house.",,,,,,,,,,
11027,1,3,Quarrel in the family.,,,,,,,,,,
11027,1,4,When I am alone in a room with no contact with anyone - � loneliness drains me.,,,,,,,,,,
11027,1,5,When I was on holiday someone vomited in front of me.,,,,,,,,,,
11027,1,6,Emptied a bucket of water in a hospital.,,,,,,,,,,
11027,1,7,When I feigned sick leave from work.,,,,,,,,,,
11028,1,1,When I get a hug from someone I love.,,,,,,,,,,
11028,1,2,I was driving very fast on a small road and I met an oncoming car � in a right handed bend.  The other driver was on his own side of � the road and I had to skid out of it to avoid a collision.  It � was dark.,,,,,,,,,,
11028,1,3,My car had been towed away by the traffic police because it had � been wrongly parked.  However the sign had been put up only after � I had already parked.,,,,,,,,,,
11028,1,4,After an operation I had to stay in bed for a long time.,,,,,,,,,,
11028,1,5,I was forced to stay in the canteen and eat the food that I had � not asked for but got it anyway.,,,,,,,,,,
11028,1,6,When I did not buy what I had promised to.,,,,,,,,,,
11028,1,7,By mistake I took a book from the library which was not supposed � to be loaned out.,,,,,,,,,,